Workbook
Name __v1: #REF!
Name _PR100: '[1]Soporte Cargas'!$AD$57
Name _PR100: '[2]Soporte Cargas'!$AD$57
Name _PR60: '[1]Soporte Cargas'!$AD$56
Name _PR60: '[2]Soporte Cargas'!$AD$56
Name _v1: #REF!
Name A: Scheduled_Payment+Extra_Payment
Name A: Scheduled_Payment+Extra_Payment
Name A_impresión_IM: #REF!
Name AA: Scheduled_Payment+Extra_Payment
Name AA: Scheduled_Payment+Extra_Payment
Name Adherencia: #REF!
Name b: #REF!
Name BA: #REF!
Name Beg_Bal: #REF!
Name Boulevard: #REF!
Name bR: Scheduled_Payment+Extra_Payment
Name bR: Scheduled_Payment+Extra_Payment
Name Bulk: #REF!
Name Danilo: #REF!
Name dasdsd: #REF!
Name Data: #REF!
Name dato2: #REF!,#REF!,#REF!,#REF!,#REF!,#REF!,#REF!
Name dd: #REF!
Name DMax: '[1]Soporte Cargas'!$H$42
Name DMax: '[2]Soporte Cargas'!$H$42
Name dotrop: #REF!
Name ee: #REF!
Name Efect: #REF!
Name Ejemplo_cajetin: Scheduled_Payment+Extra_Payment
Name Ejemplo_cajetin: Scheduled_Payment+Extra_Payment
Name End_Bal: #REF!
Name Extra_Pay: #REF!
Name Full_Print: #REF!
Name g: #REF!
Name GAG: #REF!
Name GCA: #REF!
Name gfcd: #REF!
Name gg: #REF!
Name GRANU: #REF!
Name Header_Row: ROW(#REF!)
Name HTML_CodePage: 1252
Name HTML_Control: {"'Análisis Granulométrico '!$A$6:$C$10"}
Name HTML_Description: ""
Name HTML_Email: ""
Name HTML_Header: "Análisis Granulométrico"
Name HTML_LastUpdate: "02/02/2005"
Name HTML_LineAfter: FALSE
Name HTML_LineBefore: FALSE
Name HTML_Name: "Laboratorio de Hormingón"
Name HTML_OBDlg2: TRUE
Name HTML_OBDlg4: TRUE
Name HTML_OS: 0
Name HTML_PathFile: "D:\04-05 Repavimentacion\HTML10.htm"
Name HTML_Title: "Planillas SMA10 E C-"
Name I_CBR_D_C: [4]Espesor!$F$10:$F$1292
Name I_CBR_D_D: [4]Espesor!$G$10:$G$1292
Name I_CBR_D_I: [4]Espesor!$E$10:$E$1292
Name I_CBR_I_C: [4]Espesor!$C$10:$C$1292
Name I_CBR_I_D: [4]Espesor!$D$10:$D$1292

Sheet INFORME1 (2)
B1: =INFORME!C1 -> MULTISERVICIOS VIVEL
B2: Estudio de Suelos, Asfalto y concreto
D8: Guatemala | G8: =+INFORME!C8 -> 45888
B11: Interesado: | C11: MUNICIPALIDAD DE EL QUETZAL, SAN MARCOS
B13: Atención: | C13: CONSTRUCCIONES Y VENTA ADONAI
C14: .
B16: Me dirijo a ustedes deseándoles éxitos en sus labores diarias.
B18: El motivo de la presente es para entregar resultados obtenidos en campo de los estudios realizados al material de capa de BASE GRANULAR (proctor y densidades) del Proyecto:
B20: MEJORAMIENTO CAMINO RURAL ENTRADA PRINCIPAL, DEL PUENTE HACIA CASERIO VILLA NUEVA, MUNICIPIO DE EL QUETZAL, SAN MARCOS
B22: Adjunto a la presente encontrará el detalle de los resultados obtenidos.
B24: OBSERVACION:
B26: CHEQUEO DE COMPACTACIÓN EN CAPA DE BASE GRANULAR
B28: Quedo a sus órdenes para cualquier consulta,
B30: Atentamente,
B38: Realizó: | H38: Vo. Bo.
B39: Noé Vicente Dubón

Sheet INFORME
A1: ANALISIS DE LABORATORIO Y CONTROL DE CALIDAD | C1: MULTISERVICIOS VIVEL
C2: ='INFORME1 (2)'!B2 -> Estudio de Suelos, Asfalto y concreto
A5: Interesado: | C5: ='INFORME1 (2)'!C11 -> MUNICIPALIDAD DE EL QUETZAL, SAN MARCOS
A6: Empresa Ejecutora: | C6: ='INFORME1 (2)'!C13 -> CONSTRUCCIONES Y VENTA ADONAI
A7: Proyecto: | C7: ='INFORME1 (2)'!B20 -> MEJORAMIENTO CAMINO RURAL ENTRADA PRINCIPAL, DEL PUENTE HACIA CASERIO VILLA NUEVA, MUNICIPIO DE EL QUETZAL, SAN MARCOS
A8: Fecha de Informe: | C8: =+DENSIDADES!E11+1 -> 45888 | U8: .
A9: Area de Trabajo: | C9: BASE GRANULAR
A10: SE TRABAJARON LOS ANALISIS OBTENIENDO LOS SIGUIENTES RESULTADOS
A12: PROCTOR MODIFICADO | H12: PUS. MAX Kg/m³ | I12: =PROCTOR!AF42 -> 1905.9957
H13: PUS. MAX lbs/pie³ | I13: =PROCTOR!AF43 -> 118.98745
A14: POLVILLO DE TRITURACÓN | H14: % H. Òptima | I14: =PROCTOR!AF44*100 -> 8.1
A16: DENSIDADES DE CAMPO
A17: FECHA DE CHEQUEO | D17: AREA DE TRABAJO | G17: Lado
M18: {=-'INFORME1 (2)'!L13:S13} -> 0 | N18: 0 | O18: 0 | P18: 0 | Q18: 0 | R18: 0 | S18: 0 | T18: 0
A19: =DENSIDADES!D11 -> 45880 | D19: =C9 -> BASE GRANULAR | G19: =DENSIDADES!D13 -> DERECHO | H19: % De Humedad de campo | I19: =DENSIDADES!D29 -> 8.6
H20: % de compactaciòn | I20: =DENSIDADES!D33 -> 97.712672
A22: =DENSIDADES!E11 -> 45887 | D22: =C9 -> BASE GRANULAR | G22: =DENSIDADES!E13 -> CENTRO | H22: % De Humedad de campo | I22: =DENSIDADES!E29 -> 8.4
H23: % de compactaciòn | I23: =DENSIDADES!E33 -> 98.11346
A25: OBSERVACIONES:
A27: ='INFORME1 (2)'!B26 -> CHEQUEO DE COMPACTACIÓN EN CAPA DE BASE GRANULAR
A36: Realizó: | H36: Vo. Bo.
A37: Noé Vicente Dubón

Sheet PROCTOR
B1: ENSAYO DE COMPACTACION PROCTOR AASHTO T 99 O AASHTO T 180 | J1: MULTISERVICIOS VIVEL
J3: =INFORME!C2 -> Estudio de Suelos, Asfalto y concreto
B6: Interesado: | J6: =INFORME!C5 -> MUNICIPALIDAD DE EL QUETZAL, SAN MARCOS
B7: =INFORME!A6 -> Empresa Ejecutora: | J7: =INFORME!C6 -> CONSTRUCCIONES Y VENTA ADONAI
B8: Proyecto: | J8: =INFORME!C7 -> MEJORAMIENTO CAMINO RURAL ENTRADA PRINCIPAL, DEL PUENTE HACIA CASERIO VILLA NUEVA, MUNICIPIO DE EL QUETZAL, SAN MARCOS
B9: Fecha: | J9: 45880
B10: Area de Trabajo: | J10: =INFORME!C9 -> BASE GRANULAR
B13: Norma y Método de Compactación: | L13: AASHTO T 180 C | T13: No. de capas: | Y13: 5 | AB13: No. de golpes por capa: | AI13: 25
B14: Volumen del Molde (cm3): | L14: 944 | T14: Peso del cilindro en gr. | AD14: 4275
B16: Punto | N16: 1 | R16: 2 | V16: 3 | Z16: 4 | AD16: 5
B17: Molde No. | L17: - | N17: 1 | R17: 1 | V17: 1 | Z17: 1 | AD17: 1
B18: Contenido de Humedad deseado | L18: % | N18: =N27/100 -> 0.024 | R18: =R27/100 -> 0.053 | V18: =V27/100 -> 0.081 | Z18: =Z27/100 -> 0.108 | AD18: =AD27/100 -> 0.136
B19: Contenido de Humedad Inicial | L19: % | N19: =N27/100 -> 0.024 | R19: =N27/100 -> 0.024 | V19: =N27/100 -> 0.024 | Z19: =N27/100 -> 0.024 | AD19: =R27/100 -> 0.053
B20: Contenido de humedad adicional | L20: % | N20: =IF(OR(N18="",N19=""),"",N18-N19) -> 0 | R20: =IF(OR(R18="",R19=""),"",R18-R19) -> 0.029 | V20: =IF(OR(V18="",V19=""),"",V18-V19) -> 0.057 | Z20: =IF(OR(Z18="",Z19=""),"",Z18-Z19) -> 0.084 | AD20: =IF(OR(AD18="",AD19=""),"",AD18-AD19) -> 0.083 | AH20: =IF(OR(AH18="",AH19=""),"",AH18-AH19)
B21: Peso de Muestra Inicial Húmeda | L21: g | N21: 3000 | R21: =N21 -> 3000 | V21: =R21 -> 3000 | Z21: =V21 -> 3000 | AD21: =Z21 -> 3000
B22: Peso de Muestra Inicial Seca | L22: g | N22: =IF(OR(N19="",N21=""),"",N21/(1+N19)) -> 2929.6875 | R22: =IF(OR(R19="",R21=""),"",R21/(1+R19)) -> 2929.6875 | V22: =IF(OR(V19="",V21=""),"",V21/(1+V19)) -> 2929.6875 | Z22: =IF(OR(Z19="",Z21=""),"",Z21/(1+Z19)) -> 2929.6875 | AD22: =IF(OR(AD19="",AD21=""),"",AD21/(1+AD19)) -> 2849.0028 | AH22: =IF(OR(AH19="",AH21=""),"",AH21/(1+AH19))
B23: Volumen de agua adicional | L23: cc | N23: =IF(OR(N20="",N22=""),"",N20*N22) -> 0 | R23: =IF(OR(R20="",R22=""),"",R20*R22) -> 84.960938 | V23: =IF(OR(V20="",V22=""),"",V20*V22) -> 166.99219 | Z23: =IF(OR(Z20="",Z22=""),"",Z20*Z22) -> 246.09375 | AD23: =IF(OR(AD20="",AD22=""),"",AD20*AD22) -> 236.46724 | AH23: =IF(OR(AH20="",AH22=""),"",AH20*AH22)
B24: Peso Suelo Húmedo + Molde | L24: g | N24: 6029 | R24: 6125 | V24: 6220 | Z24: 6218 | AD24: 6205
B25: Peso Suelo Húmedo | L25: g | N25: =IF(OR(N24="",$AD$14=""),"",(N24-$AD$14)) -> 1754 | R25: =IF(OR(R24="",$AD$14=""),"",(R24-$AD$14)) -> 1850 | V25: =IF(OR(V24="",$AD$14=""),"",(V24-$AD$14)) -> 1945 | Z25: =IF(OR(Z24="",$AD$14=""),"",(Z24-$AD$14)) -> 1943 | AD25: =IF(OR(AD24="",$AD$14=""),"",(AD24-$AD$14)) -> 1930 | AH25: =IF(OR(AH24="",$AD$14=""),"",(AH24-$AD$14))
B27: CONTENIDO DE HUMEDAD VIA SPPEDY | L27: % | N27: =R27-2.9 -> 2.4 | R27: =V27-2.8 -> 5.3 | V27: 8.1 | Z27: =V27+2.7 -> 10.8 | AD27: =Z27+2.8 -> 13.6 | AH27: =IF(OR(AH28="",AH29="",AH30=""),"",((AH28-AH29)/(AH29-AH30))*100) | AN27: =N27 -> 2.4 | AO27: =N32 -> 1.8145028
AN28: =R27 -> 5.3 | AO28: =R32 -> 1.8611071
AN29: =V27 -> 8.1 | AO29: =V32 -> 1.9059957
AN30: =Z27 -> 10.8 | AO30: =Z32 -> 1.8576378
B31: Peso unitario total (Húmedo), gt | L31: g/cm³ | N31: =IF(OR(N25="",$L$14=""),"",(N25/$L$14)) -> 1.8580508 | R31: =IF(OR(R25="",$L$14=""),"",(R25/$L$14)) -> 1.9597458 | V31: =IF(OR(V25="",$L$14=""),"",(V25/$L$14)) -> 2.0603814 | Z31: =IF(OR(Z25="",$L$14=""),"",(Z25/$L$14)) -> 2.0582627 | AD31: =IF(OR(AD25="",$L$14=""),"",(AD25/$L$14)) -> 2.0444915 | AH31: =IF(OR(AH25="",$L$14=""),"",(AH25/$L$14)) | AN31: =AD27 -> 13.6 | AO31: =AD32 -> 1.7997285
B32: Peso unitario seco, gd | L32: g/cm³ | N32: =IF(OR(N27="",N31=""),"",N31/(N27+100)*100) -> 1.8145028 | R32: =IF(OR(R27="",R31=""),"",R31/(R27+100)*100) -> 1.8611071 | V32: =IF(OR(V27="",V31=""),"",V31/(V27+100)*100) -> 1.9059957 | Z32: =IF(OR(Z27="",Z31=""),"",Z31/(Z27+100)*100) -> 1.8576378 | AD32: =IF(OR(AD27="",AD31=""),"",AD31/(AD27+100)*100) -> 1.7997285 | AH32: =IF(OR(AH27="",AH31=""),"",AH31/(AH27+100)*100) | AN32: =AH27 | AO32: =AH32
B33: Peso unitario seco, gd | L33: lb/pie³ | N33: =IF(N32="","",(N32/0.01601846)) -> 113.27573 | R33: =IF(R32="","",(R32/0.01601846)) -> 116.18514 | V33: =IF(V32="","",(V32/0.01601846)) -> 118.98745 | Z33: =IF(Z32="","",(Z32/0.01601846)) -> 115.96857 | AD33: =IF(AD32="","",(AD32/0.01601846)) -> 112.3534 | AH33: =IF(AH32="","",(AH32*62.4295974))
AB35: Clasificación
AA36: LL = | AC36: NL | AE36: LP = | AG36: NP | AI36: IP = | AJ36: NIP
AA38: SUCS | AO38: .
AA39: Indice de grupo
AA40: AASHTO | AQ40: w | AR40: PUS
AA41: gt (g/cm³) | AF41: =V31 -> 2.0603814 | AQ41: 0 | AR41: =AF42/1000 -> 1.9059957
AA42: gd óptimo (kg/m³) | AF42: =V32*1000 -> 1905.9957 | AQ42: =AF44*100 -> 8.1 | AR42: =AR41 -> 1.9059957
AA43: gd óptimo (lb/pie³) | AF43: =IF(OR(AF42=""),"",((AF42/16.01846))) -> 118.98745 | AY43: |
AA44: w optima (%) | AF44: =V27/100 -> 0.081
B50: Observaciones
A57: Realizó: | AC57: Vo. Bo.
A58: Noé Vicente Dubón

Sheet DENSIDADES
A1: DENSIDAD DE LOS SUELOS EN EL SITIO METODO ARENA- AASHTO T-191 | C1: MULTISERVICIOS VIVEL
C2: =PROCTOR!J3 -> Estudio de Suelos, Asfalto y concreto
A4: Interesado: | C4: =PROCTOR!J6 -> MUNICIPALIDAD DE EL QUETZAL, SAN MARCOS
A5: =PROCTOR!B7 -> Empresa Ejecutora: | C5: =PROCTOR!J7 -> CONSTRUCCIONES Y VENTA ADONAI
A6: Proyecto: | C6: =PROCTOR!J8 -> MEJORAMIENTO CAMINO RURAL ENTRADA PRINCIPAL, DEL PUENTE HACIA CASERIO VILLA NUEVA, MUNICIPIO DE EL QUETZAL, SAN MARCOS
A7: Area de Trabajo: | C7: =PROCTOR!J10 -> BASE GRANULAR
A10: Prueba No. | D10: 1 | E10: 2
A11: Fecha de la prueba | D11: 45880 | E11: 45887
A12: Capa | D12: =C7 -> BASE GRANULAR | E12: =C7 -> BASE GRANULAR
A13: Lado: | D13: DERECHO | E13: CENTRO
A14: Profundidad de perforación (pulg) | D14: 4" | E14: 4"
A15: Peso picnómetro (1) (lb) | D15: 11.94 | E15: 11.9
A16: Peso picnómetro (2) (lb) | D16: =+D15-0.81 -> 11.13 | E16: =+E15-0.79 -> 11.11
A17: Peso del embudo (lb) | D17: =D15-D16 -> 0.81 | E17: =E15-E16 -> 0.79
A18: Peso picnómetro (2) (lb) | D18: =D16 -> 11.13 | E18: =E16 -> 11.11 | M18: {=-'INFORME1 (2)'!L13:S13} -> #VALUE!
A19: Peso picnómetro (3) (lb) | D19: 8.31 | E19: 8.34
A20: Peso arena total (lb) | D20: =D18-D19 -> 2.82 | E20: =E18-E19 -> 2.77
A21: Peso del embudo (lb) | D21: =D17 -> 0.81 | E21: =E17 -> 0.79
A22: Peso arena adentro (lb) | D22: =D20-D21 -> 2.01 | E22: =E20-E21 -> 1.98
A23: densidad de la arena (lb/pie³) | D23: 79.31 | E23: 80.31
A24: volumen del agujero cc. | D24: =D22/D23 -> 0.025343588 | E24: =E22/E23 -> 0.024654464
A25: Peso Bruto Humedol (PBH) | D25: 3.6 | E25: 3.52
A26: Tara lb | D26: 0.4 | E26: 0.4
A27: Peso Neto Humedo (PNH) (lb) | D27: =D25-D26 -> 3.2 | E27: =E25-E26 -> 3.12
A28: Peso Unitario Humedo (PUH) (lb) | D28: =D27/D24 -> 126.26468 | E28: =E27/E24 -> 126.54909
A29: Humedad de campo (%) | D29: 8.6 | E29: 8.4
A30: Peso Unitario Seco de campo (lb) | D30: =D28/(D29+100)*100 -> 116.26582 | E30: =E28/(E29+100)*100 -> 116.7427
A31: Peso unitario seco de laboraorio (lb) | D31: =PROCTOR!AF43 -> 118.98745 | E31: =PROCTOR!AF43 -> 118.98745
A32: de humedad óptima de laboratorio (%) | D32: =PROCTOR!AF44 -> 0.081 | E32: =PROCTOR!AF44 -> 0.081
A33: Compactación (%) | D33: =(D30/D31)*100 -> 97.712672 | E33: =(E30/E31)*100 -> 98.11346
A34: Observaciones: | C34: =INFORME!A27 -> CHEQUEO DE COMPACTACIÓN EN CAPA DE BASE GRANULAR
A41: Realizó: | F41: Vo.Bo.
A42: Noé Vicente Dubón
