Workbook
Name \0: #REF!
Name \0: #REF!
Name \0: #REF!
Name \0: #REF!
Name \0: #REF!
Name \A: [1]LIMITE!$S$1:$S$2
Name __v1: #REF!
Name __v1: #REF!
Name __v1: #REF!
Name __v1: #REF!
Name __v1: #REF!
Name _PR100: '[3]Soporte Cargas'!$AD$57
Name _PR100: '[4]Soporte Cargas'!$AD$57
Name _PR60: '[3]Soporte Cargas'!$AD$56
Name _PR60: '[4]Soporte Cargas'!$AD$56
Name _v1: #REF!
Name _v1: #REF!
Name _v1: #REF!
Name _v1: #REF!
Name _v1: #REF!
Name _v1: #REF!
Name A: Scheduled_Payment+Extra_Payment
Name A: Scheduled_Payment+Extra_Payment
Name A: Scheduled_Payment+Extra_Payment
Name A: Scheduled_Payment+Extra_Payment
Name A: Scheduled_Payment+Extra_Payment
Name A: Scheduled_Payment+Extra_Payment
Name A_impresión_IM: #REF!
Name A_impresión_IM: #REF!
Name A_impresión_IM: #REF!
Name A_impresión_IM: #REF!
Name A_impresión_IM: #REF!
Name A_impresión_IM: #REF!
Name AA: Scheduled_Payment+Extra_Payment
Name AA: Scheduled_Payment+Extra_Payment
Name AA: Scheduled_Payment+Extra_Payment
Name AA: Scheduled_Payment+Extra_Payment
Name AA: Scheduled_Payment+Extra_Payment
Name AA: Scheduled_Payment+Extra_Payment
Name Adherencia: #N/A
Name as: [5]!borrado
Name as: [5]!borrado
Name as: [5]!borrado
Name as: [5]!borrado
Name as: [5]!borrado
Name ASDASDA: #REF!
Name ASDASDA: #REF!
Name ASDASDA: #REF!
Name ASDASDA: #REF!
Name ASDASDA: #REF!
Name b: #REF!
Name b: #REF!
Name b: #REF!
Name b: #REF!
Name b: #REF!
Name BA: #REF!
Name BA: #REF!
Name BA: #REF!
Name BA: #REF!
Name BA: #REF!

Sheet INFORME
B1: MULTISERVICIOS VIVEL
B2: CONTROL DE RESISTENCIA DE CONCRETO HIDRAULICO
B6: DETERMINACIÓN DE LA RESISTENCIA A LA COMPRESIÓN DEL CONCRETO HIDRAULICO
B7: AASHTO DESIGNATION T 22 ASTM C 39
C9: Guatemala | F9: =+GRADAS!H16+1 -> 45905
B12: interesado: | C12: MUNICIPALIDAD DE ZUNILITO, SUCHITEPEQUEZ
B14: Empresa Ejecutora: | C14: MVC MAURICIO VALDEZ CONSTRUCCIONES | M14: CONSTRUCCIONES Y VENTA -ADONAI-
B16: Presente.
B19: Me dirijo a ustedes deseándoles éxitos en sus labores diarias.
B21: El motivo de la presente es para entregar resultados de los testigos realizados a la mezcla de concreto hidraulico para resistencia a la compresión colocado en Proyecto:
B23: PROYECTO: | C23: AMPLIACION SISTEMA DE ALCANTARILLADO SANITARIO SECTOR I, ALDEA SAN LORENCITO, ZUNILITO, SUCHITEPEQUEZ
B25: RESISTENCIA A LA COMPRESIÓN DEL CONCRETO DE: CONEXIONES DOMICILIARES, REPOSICIÓN DE RODADURA, POZO DE VISITA Y GRADAS DE INGRESO
B27: Adjunto encontrará el detalle de los resultados obtenidos.
B29: Quedo a sus órdenes para cualquier consulta.
B30: OBSERVACION:
B32: Atentamente:
Q34: |
B37: Realizó: | H37: Vo. Bo.
B38: Noé Vicente Dubón

Sheet CONEXIOINES
A1: =INFORME!B1 -> MULTISERVICIOS VIVEL
A4: CONTROL DE RESISTENCIA DE CONCRETO HIDRAULICO
A7: DETERMINACION DE LA RESISTENCIA A LA COMPRESIÓN DEL CONCRETO HIDRAULICO
A8: AASHTO DESIGNATION T - 22
A9: ASTM C 39
A11: Interesado: | C11: =INFORME!C12 -> MUNICIPALIDAD DE ZUNILITO, SUCHITEPEQUEZ
A12: Empresa Ejecutora | C12: =INFORME!C14 -> MVC MAURICIO VALDEZ CONSTRUCCIONES
A13: Proyecto: | C13: =INFORME!C23 -> AMPLIACION SISTEMA DE ALCANTARILLADO SANITARIO SECTOR I, ALDEA SAN LORENCITO, ZUNILITO, SUCHITEPEQUEZ
A14: Estructura: | C14: FUNDICIÓN DE CONEXIONES DOMICILIARES
A15: Resistencia: | C15: 210 kg/cm2 | D15: 3000 | E15: PSI | F15: Cemento Utilizado | H15: UGC | J15: 4060 | K15: PSI
A16: Fecha de Fundición: | C16: 45876 | F16: Fecha de Informe | H16: =+C23 -> 45904
A17: Estación: | C17: 0+600 | D17: 0+550 | E17: Lado/Carril
A18: MUESTREO DE CONCRETO FRESCO EN CAMPO AASHTO T 141 ASTM C 172 NGO 41057
A19: Probeta No. | B19: Fecha de Hechura | C19: Fecha de Ruptura | D19: Edad | E19: Peso del cilindro | F19: Diametro | G19: Area | H19: Tipo de falla | I19: Carga en libras | J19: Resistencia | K19: Promedio
D20: en Dias | E20: (Lbs) | F20: (pulg) | G20: Plg.² | J20: PSI | K20: %
A21: 1 | B21: =$C$16 -> 45876 | C21: =B21+D21 -> 45883 | D21: 7 | E21: 28.17 | F21: 5.95 | G21: 27.81 | H21: 5 | I21: 61486 | J21: 2211 | K21: =J21/D15 -> 0.737 | M21: 90-95 | N21: 101900 | O21: 107350
A22: 2 | B22: =$C$16 -> 45876 | C22: =B22+D22 -> 45890 | D22: 14 | E22: 29.18 | F22: 5.91 | G22: 27.43 | H22: 1 | I22: 78061 | J22: 2846 | K22: =J22/D15 -> 0.94866667 | M22: 70-85 | N22: 79500 | O22: 84750
A23: 3 | B23: =$C$16 -> 45876 | C23: =B23+D23 -> 45904 | D23: 28 | E23: 29.64 | F23: 5.94 | G23: 27.71 | H23: 2 | I23: 90100 | J23: 3252 | K23: =J23/D15 -> 1.084 | M23: 90-95 | N23: 101900 | O23: 107350
A25: Observaciones: | C25: Los testigos (Especímenes) fueron elaborados en campo por el interesado según norma AASHTO T 141, los resultados se detallan en el informe
A37: Realizó: | J37: Vo. Bo.
A38: Noé Vicente Dubón

Sheet RODADURA
A1: =INFORME!B1 -> MULTISERVICIOS VIVEL
A4: CONTROL DE RESISTENCIA DE CONCRETO HIDRAULICO
A7: DETERMINACION DE LA RESISTENCIA A LA COMPRESIÓN DEL CONCRETO HIDRAULICO
A8: AASHTO DESIGNATION T - 22
A9: ASTM C 39
A11: Interesado: | C11: =INFORME!C12 -> MUNICIPALIDAD DE ZUNILITO, SUCHITEPEQUEZ
A12: Empresa Ejecutora | C12: =INFORME!C14 -> MVC MAURICIO VALDEZ CONSTRUCCIONES
A13: Proyecto: | C13: =INFORME!C23 -> AMPLIACION SISTEMA DE ALCANTARILLADO SANITARIO SECTOR I, ALDEA SAN LORENCITO, ZUNILITO, SUCHITEPEQUEZ
A14: Estructura: | C14: FUNDICIÓN REPOSICIÓN DE RODADURA
A15: Resistencia: | C15: 210 kg/cm2 | D15: 3000 | E15: PSI | F15: Cemento Utilizado | H15: UGC | J15: 4060 | K15: PSI
A16: Fecha de Fundición: | C16: 45876 | F16: Fecha de Informe | H16: =+C23 -> 45904
A17: Estación: | C17: 0+600 | D17: 0+550 | E17: Lado/Carril
A18: MUESTREO DE CONCRETO FRESCO EN CAMPO AASHTO T 141 ASTM C 172 NGO 41057
A19: Probeta No. | B19: Fecha de Hechura | C19: Fecha de Ruptura | D19: Edad | E19: Peso del cilindro | F19: Diametro | G19: Area | H19: Tipo de falla | I19: Carga en libras | J19: Resistencia | K19: Promedio
D20: en Dias | E20: (Lbs) | F20: (pulg) | G20: Plg.² | J20: PSI | K20: %
A21: 1 | B21: =$C$16 -> 45876 | C21: =B21+D21 -> 45883 | D21: 7 | E21: 29.37 | F21: 5.96 | G21: 27.9 | H21: 3 | I21: 63105 | J21: =I21/G21 -> 2261.828 | K21: =J21/D15 -> 0.75394265 | M21: 90-95 | N21: 101900 | O21: 107350
A22: 2 | B22: =$C$16 -> 45876 | C22: =B22+D22 -> 45890 | D22: 14 | E22: 28.94 | F22: 5.97 | G22: 27.99 | H22: 2 | I22: 76643 | J22: =I22/G22 -> 2738.2279 | K22: =J22/D15 -> 0.91274265 | M22: 70-85 | N22: 79500 | O22: 84750
A23: 3 | B23: =$C$16 -> 45876 | C23: =B23+D23 -> 45904 | D23: 28 | E23: 28.85 | F23: 5.91 | G23: 27.43 | H23: 4 | I23: 86125 | J23: =I23/G23 -> 3139.8104 | K23: =J23/D15 -> 1.0466035 | M23: 90-95 | N23: 101900 | O23: 107350
A25: Observaciones: | C25: Los testigos (Especímenes) fueron elaborados en campo por el interesado según norma AASHTO T 141, los resultados se detallan en el informe
A37: Realizó: | J37: Vo. Bo.
A38: Noé Vicente Dubón

Sheet POZO
A1: =INFORME!B1 -> MULTISERVICIOS VIVEL
A4: CONTROL DE RESISTENCIA DE CONCRETO HIDRAULICO
A7: DETERMINACION DE LA RESISTENCIA A LA COMPRESIÓN DEL CONCRETO HIDRAULICO
A8: AASHTO DESIGNATION T - 22
A9: ASTM C 39
A11: Interesado: | C11: =INFORME!C12 -> MUNICIPALIDAD DE ZUNILITO, SUCHITEPEQUEZ
A12: Empresa Ejecutora | C12: =INFORME!C14 -> MVC MAURICIO VALDEZ CONSTRUCCIONES
A13: Proyecto: | C13: =INFORME!C23 -> AMPLIACION SISTEMA DE ALCANTARILLADO SANITARIO SECTOR I, ALDEA SAN LORENCITO, ZUNILITO, SUCHITEPEQUEZ
A14: Estructura: | C14: FUNDICIÓN POZO DE VISITA PRE-FABRICADO DE CONCRETO
A15: Resistencia: | C15: 210 kg/cm2 | D15: 3000 | E15: PSI | F15: Cemento Utilizado | H15: UGC | J15: 4060 | K15: PSI
A16: Fecha de Fundición: | C16: 45876 | F16: Fecha de Informe | H16: =+C23 -> 45904
A17: Estación: | C17: 0+600 | D17: 0+550 | E17: Lado/Carril
A18: MUESTREO DE CONCRETO FRESCO EN CAMPO AASHTO T 141 ASTM C 172 NGO 41057
A19: Probeta No. | B19: Fecha de Hechura | C19: Fecha de Ruptura | D19: Edad | E19: Peso del cilindro | F19: Diametro | G19: Area | H19: Tipo de falla | I19: Carga en libras | J19: Resistencia | K19: Promedio
D20: en Dias | E20: (Lbs) | F20: (pulg) | G20: Plg.² | J20: PSI | K20: %
A21: 1 | B21: =$C$16 -> 45876 | C21: =B21+D21 -> 45883 | D21: 7 | E21: 28.3 | F21: 5.97 | G21: 27.99 | H21: 2 | I21: 62816 | J21: 2244 | K21: =J21/D15 -> 0.748 | M21: 90-95 | N21: 101900 | O21: 107350
A22: 2 | B22: =$C$16 -> 45876 | C22: =B22+D22 -> 45890 | D22: 14 | E22: 28.27 | F22: 5.94 | G22: 27.71 | H22: 2 | I22: 79644 | J22: 2874 | K22: =J22/D15 -> 0.958 | M22: 70-85 | N22: 79500 | O22: 84750
A23: 3 | B23: =$C$16 -> 45876 | C23: =B23+D23 -> 45904 | D23: 28 | E23: 29.13 | F23: 5.96 | G23: 27.9 | H23: 5 | I23: 91590 | J23: 3283 | K23: =J23/D15 -> 1.0943333 | M23: 100-103 | N23: 101900 | O23: 107350
A25: Observaciones: | C25: Los testigos (Especímenes) fueron elaborados en campo por el interesado según norma AASHTO T 141, los resultados se detallan en el informe
A37: Realizó: | J37: Vo. Bo.
A38: Noé Vicente Dubón

Sheet GRADAS
A1: =INFORME!B1 -> MULTISERVICIOS VIVEL
A4: CONTROL DE RESISTENCIA DE CONCRETO HIDRAULICO
A7: DETERMINACION DE LA RESISTENCIA A LA COMPRESIÓN DEL CONCRETO HIDRAULICO
A8: AASHTO DESIGNATION T - 22
A9: ASTM C 39
A11: Interesado: | C11: =INFORME!C12 -> MUNICIPALIDAD DE ZUNILITO, SUCHITEPEQUEZ
A12: Empresa Ejecutora | C12: =INFORME!C14 -> MVC MAURICIO VALDEZ CONSTRUCCIONES
A13: Proyecto: | C13: =INFORME!C23 -> AMPLIACION SISTEMA DE ALCANTARILLADO SANITARIO SECTOR I, ALDEA SAN LORENCITO, ZUNILITO, SUCHITEPEQUEZ
A14: Estructura: | C14: FUNDICIÓN GRADAS DE INGRESO
A15: Resistencia: | C15: 210 kg/cm2 | D15: 3000 | E15: PSI | F15: Cemento Utilizado | H15: UGC | J15: 4060 | K15: PSI
A16: Fecha de Fundición: | C16: 45876 | F16: Fecha de Informe | H16: =+C23 -> 45904
A17: Estación: | C17: 0+600 | D17: 0+550 | E17: Lado/Carril
A18: MUESTREO DE CONCRETO FRESCO EN CAMPO AASHTO T 141 ASTM C 172 NGO 41057
A19: Probeta No. | B19: Fecha de Hechura | C19: Fecha de Ruptura | D19: Edad | E19: Peso del cilindro | F19: Diametro | G19: Area | H19: Tipo de falla | I19: Carga en libras | J19: Resistencia | K19: Promedio
D20: en Dias | E20: (Lbs) | F20: (pulg) | G20: Plg.² | J20: PSI | K20: %
A21: 1 | B21: =$C$16 -> 45876 | C21: =B21+D21 -> 45883 | D21: 7 | E21: 28.6 | F21: 5.93 | G21: 27.62 | H21: 3 | I21: 61798 | J21: =I21/G21 -> 2237.4366 | K21: =J21/D15 -> 0.74581221 | M21: 90-95 | N21: 101900 | O21: 107350
A22: 2 | B22: =$C$16 -> 45876 | C22: =B22+D22 -> 45890 | D22: 14 | E22: 28.77 | F22: 5.92 | G22: 27.53 | H22: 5 | I22: 75145 | J22: =I22/G22 -> 2729.5677 | K22: =J22/D15 -> 0.90985591 | M22: 70-85 | N22: 79500 | O22: 84750
A23: 3 | B23: =$C$16 -> 45876 | C23: =B23+D23 -> 45904 | D23: 28 | E23: 29.06 | F23: 5.92 | G23: 27.53 | H23: 2 | I23: 87451 | J23: =I23/G23 -> 3176.571 | K23: =J23/D15 -> 1.058857 | M23: 90-95 | N23: 101900 | O23: 107350
A25: Observaciones: | C25: Los testigos (Especímenes) fueron elaborados en campo por el interesado según norma AASHTO T 141, los resultados se detallan en el informe
A37: Realizó: | J37: Vo. Bo.
A38: Noé Vicente Dubón
